[{
    "id": "legeplads.1",
    "name": "Havnegades trampolinpromenade",
    "description": "Hop i trampolin med havnekig.",
    "addressDescription": "Havnegade",
    "position": {
        "lat": 55.6767238736979,
        "lng": 12.589685450548627
    }
}, {
    "id": "legeplads.2",
    "name": "Legepladsen på Christianshavns Vold - Panterens Bastion",
    "description": "Fredelig, grøn plet til leg og grill.",
    "addressDescription": "på Panterens Bastion",
    "position": {
        "lat": 55.669599877562,
        "lng": 12.588571683898572
    }
}, {
    "id": "legeplads.3",
    "name": "Legepladsen i Østre Anlæg ved Malmøgade",
    "description": "Populært, grønt åndehul med kælkebakke",
    "addressDescription": "Stockholmsgade 24",
    "position": {
        "lat": 55.690462674122244,
        "lng": 12.579092466356643
    }
}, {
    "id": "legeplads.4",
    "name": "Legepladsen i Classens Have",
    "description": "Ligger i et frodigt gårdanlæg med offentlig adgang.",
    "addressDescription": "adgang fra Classensgade og Arendalsgade",
    "position": {
        "lat": 55.697949603524556,
        "lng": 12.588997974671496
    }
}, {
    "id": "legeplads.5",
    "name": "Legepladsen på Christianshavns Vold - Elefantens Bastion",
    "description": "Grønne omgivelser og timevis af leg for alle aldre.",
    "addressDescription": "på Elefantens Bastion",
    "position": {
        "lat": 55.66966840696987,
        "lng": 12.593306248811162
    }
}, {
    "id": "legeplads.6",
    "name": "Legepladsen i Langelinieanlægget",
    "description": "Sjov for små pirater.",
    "addressDescription": "ved Nordre Toldbod",
    "position": {
        "lat": 55.69098047114124,
        "lng": 12.599770786885514
    }
}, {
    "id": "legeplads.7",
    "name": "Legepladsen på Gammelvagt",
    "description": "Masser af leg på hyggelig plads midt i byen.",
    "addressDescription": "Gammel Vagt 5",
    "position": {
        "lat": 55.687638666832676,
        "lng": 12.585667360171543
    }
}, {
    "id": "legeplads.8",
    "name": "Legepladsen i Østre Anlæg ved Sølvtorvet",
    "description": "Kunstlegeplads udformet som dagligstue.",
    "addressDescription": "ved Sølvtorvet",
    "position": {
        "lat": 55.6895346865842,
        "lng": 12.576065117447301
    }
}, {
    "id": "legeplads.9",
    "name": "Legepladsen i Ørstedsparken ved Nørre Farimagsgade",
    "description": "Kombineret klassisk og elektronisk legeplads.",
    "addressDescription": "Nørre Farimagsgade 2",
    "position": {
        "lat": 55.68066374201941,
        "lng": 12.564772115608362
    }
}, {
    "id": "legeplads.10",
    "name": "Legepladsen i Ørstedsparken ved Nørre Farimagsgade / Ahlefeldtsgade",
    "description": "Legeplads i forskudte terrasser med cafe ved siden af.",
    "addressDescription": "overfor Ahlefeldtsgade 16",
    "position": {
        "lat": 55.68243653869809,
        "lng": 12.566759177606917
    }
}, {
    "id": "legeplads.11",
    "name": "Legepladsen på Sankt Annæ Plads",
    "description": "Oplagt til picnic og legepause.",
    "addressDescription": "udfor Sankt Annæ Plads 1-13",
    "position": {
        "lat": 55.68153148756668,
        "lng": 12.591538841767665
    }
}, {
    "id": "legeplads.12",
    "name": "Legepladsen på Nikolaj Plads",
    "description": "Kunstlegeplads på rolig plads ved Strøget.",
    "addressDescription": "udfor Nikolaj Plads 5-11",
    "position": {
        "lat": 55.67876337291623,
        "lng": 12.582071325958921
    }
}, {
    "id": "legeplads.13",
    "name": "Legepladsen på Kastellet ved Folke Bernadottes Alle/Grønningen",
    "description": "Ligger midt i et 350 år gammelt forsvarsanlæg.",
    "addressDescription": "på Smedelinien ved Gustafkirken, udfor Princessens Bastion",
    "position": {
        "lat": 55.69272449969055,
        "lng": 12.591519460476988
    }
}, {
    "id": "legeplads.14",
    "name": "Legepladsen på Hauser Plads",
    "description": "Godt sted til en legepause på byturen.",
    "addressDescription": "overfor Hauser Plads 16",
    "position": {
        "lat": 55.682711143117565,
        "lng": 12.575818079682959
    }
}, {
    "id": "legeplads.15",
    "name": "Legepladsen på Israels Plads",
    "description": "Legeplads med New Yorker-stemning.",
    "addressDescription": "ved Ahlefeldtsgade",
    "position": {
        "lat": 55.682657692613766,
        "lng": 12.568528509584322
    }
}, {
    "id": "legeplads.16",
    "name": "Legepladsen i Fælledparken ved Serridslevvej syd",
    "description": "God til picnic, petanque og træstubbe-tagfat.",
    "addressDescription": "Borgmester Jensens Allé/Serridslevvej",
    "position": {
        "lat": 55.70599367261477,
        "lng": 12.572648903988615
    }
}, {
    "id": "legeplads.17",
    "name": "Skaterpark i Fælledparken ved Edel Sauntes Alle",
    "description": "En af nordens største skaterparker.",
    "addressDescription": "sydlige ende af Borgmester Jensens Allé",
    "position": {
        "lat": 55.69944260736451,
        "lng": 12.562905481227856
    }
}, {
    "id": "legeplads.18",
    "name": "Legepladsen i Svendborggade",
    "description": "Grøn oase med leg og urtebede side om side.",
    "addressDescription": "Svendborggade  Nyborggade",
    "position": {
        "lat": 55.70958992331693,
        "lng": 12.58324822377863
    }
}, {
    "id": "legeplads.19",
    "name": "Tårnlegepladsen",
    "description": null,
    "addressDescription": "Frederik V's Vej 4",
    "position": {
        "lat": 55.69724545113915,
        "lng": 12.569608564406341
    }
}, {
    "id": "legeplads.20",
    "name": "Den indendørs legeplads i Blegdamsremisen",
    "description": "Københavns tårne i børnestørrelse.",
    "addressDescription": "Blegdamsvej 132A",
    "position": {
        "lat": 55.69877006840582,
        "lng": 12.57663648266933
    }
}, {
    "id": "legeplads.21",
    "name": "Legepladsen på Silkeborg Plads",
    "description": "Lokalt mødested for familier med børn.",
    "addressDescription": "ved Horsensgade",
    "position": {
        "lat": 55.704924006404894,
        "lng": 12.585142245346393
    }
}, {
    "id": "legeplads.22",
    "name": "Legepladsen i Livjægergade ved Rosenvængets Alle",
    "description": "Tårne, broer og høje træer i en fredfyldt, grøn krog.",
    "addressDescription": "Rosenvængets Allé/Livjægergade/Næstvedgade",
    "position": {
        "lat": 55.700216912888145,
        "lng": 12.585198177723298
    }
}, {
    "id": "legeplads.23",
    "name": "Legepladsen på Århus Plads",
    "description": "Kæntret sørøverskib med byens stejleste rutsjebane.",
    "addressDescription": "Århus Plads 2-6",
    "position": {
        "lat": 55.70666430269874,
        "lng": 12.582981903473057
    }
}, {
    "id": "legeplads.24",
    "name": "Legepladsen i Amorparken",
    "description": "Lillebitte legeplads med fugleredegynge, borde og bænke.",
    "addressDescription": "Tagensvej/Nørre Alle",
    "position": {
        "lat": 55.69546734042892,
        "lng": 12.564446215704894
    }
}, {
    "id": "legeplads.25",
    "name": "Legepladsen i Kildevældsparken",
    "description": "Godt gemt perle på Østerbro med aktiviteter året rundt.",
    "addressDescription": "Vognmandsmarken 69",
    "position": {
        "lat": 55.71408201739017,
        "lng": 12.56519613711077
    }
}, {
    "id": "legeplads.26",
    "name": "Legepladsen i Musholmgade",
    "description": "Sjov grøn legegade.",
    "addressDescription": "Musholmgade Legegade",
    "position": {
        "lat": 55.711574162843846,
        "lng": 12.574676649529454
    }
}, {
    "id": "legeplads.27",
    "name": "Trafiklegepladsen i Fælledparken",
    "description": "Københavns sødeste trafikby i ministørrelse.",
    "addressDescription": "Gunnar Nu Hansens Plads 10",
    "position": {
        "lat": 55.704571406539934,
        "lng": 12.5704953670613
    }
}, {
    "id": "legeplads.28",
    "name": "Legepladsen på Bopa Plads",
    "description": "\"Frugtlegeplads\" på Østerbros hyggeligste cafetorv.",
    "addressDescription": "Viborggade/Randersgade/Løgstørgade",
    "position": {
        "lat": 55.705167038607755,
        "lng": 12.581014467682765
    }
}, {
    "id": "legeplads.29",
    "name": "Legepladsen i Fredens Park",
    "description": "Legeoase ved søerne.",
    "addressDescription": "Fredensgade/Søpassagen",
    "position": {
        "lat": 55.69336765123823,
        "lng": 12.568231244619891
    }
}, {
    "id": "legeplads.30",
    "name": "Sansehaven i Fælledparken",
    "description": "Sansehave, hvor også handicappede kan lege med.",
    "addressDescription": "ved indgangen fra Trianglen",
    "position": {
        "lat": 55.69970561347167,
        "lng": 12.573532672152567
    }
}, {
    "id": "legeplads.31",
    "name": "Legepladsen i Fælledparken ved Serridslevvej nord",
    "description": "God plads, meget leg og nabo til kunstgræsbaner.",
    "addressDescription": "Borgmester Jensens Allé/Serridslevvej",
    "position": {
        "lat": 55.70671398790202,
        "lng": 12.571383327641032
    }
}, {
    "id": "legeplads.32",
    "name": "Legepladsen på Guldbergs Plads",
    "description": "Anderledes boltreplads i ét af Nørrebros fine byrum.",
    "addressDescription": "mellem Guldbergsgade og Tibirkegade",
    "position": {
        "lat": 55.6967875592534,
        "lng": 12.553889238498472
    }
}, {
    "id": "legeplads.33",
    "name": "Legepladsen i Odinsgade",
    "description": "Ligger ved siden af byens første lommepark.",
    "addressDescription": "mellem Jagtvej og Thorsgade",
    "position": {
        "lat": 55.697063260395076,
        "lng": 12.550287096759158
    }
}, {
    "id": "legeplads.34",
    "name": "Legepladsen i Wesselsgade",
    "description": "Timevis af leg lige ved Søerne.",
    "addressDescription": "Wesselsgade 12-16",
    "position": {
        "lat": 55.68593023261632,
        "lng": 12.559600420620677
    }
}, {
    "id": "legeplads.35",
    "name": "Legepladsen på Blågårds Plads",
    "description": "Kunstlegeplads med anderledes farver og former.",
    "addressDescription": "vestlige ende af Blågårds Plads",
    "position": {
        "lat": 55.68658720607631,
        "lng": 12.556752147725375
    }
}, {
    "id": "legeplads.36",
    "name": "Legepladsen i Hans Tavsens Park øst",
    "description": "En af Nørrebros hemmelige oaser for børnefamilier.",
    "addressDescription": "Hans Tavsens Gade 40",
    "position": {
        "lat": 55.68848514686782,
        "lng": 12.549573868322002
    }
}, {
    "id": "legeplads.37",
    "name": "Legepladsen i Udbygade",
    "description": "Skæg småbørnslegeplads i flot gammelt byrum.",
    "addressDescription": "Udbygade/Guldbergsgade/Sjællandsgade",
    "position": {
        "lat": 55.69445108658461,
        "lng": 12.553696623813654
    }
}, {
    "id": "legeplads.38",
    "name": "Legepladsen på Bispeengen",
    "description": "Stor bemandet legeplads med weekendåbent.",
    "addressDescription": "Hillerødgade 23B",
    "position": {
        "lat": 55.69548591605524,
        "lng": 12.535945139346099
    }
}, {
    "id": "legeplads.39",
    "name": "Legepladsen i Hans Tavsens Park vest",
    "description": "Multibanerne til bl.a. tennis og minigolf.",
    "addressDescription": "Hans Tavsens Gade 40",
    "position": {
        "lat": 55.689903538618545,
        "lng": 12.545900391647042
    }
}, {
    "id": "legeplads.40",
    "name": "Legepladsen i Nørrebroparken",
    "description": "Kæmpestor flyvemaskine og en strandet hval",
    "addressDescription": "Stefansgade 30",
    "position": {
        "lat": 55.69461352151691,
        "lng": 12.542230462831599
    }
}, {
    "id": "legeplads.41",
    "name": "ByOasen i De Gamles By",
    "description": null,
    "addressDescription": "Møllegade 25 C",
    "position": {
        "lat": 55.69275828010435,
        "lng": 12.557065656820965
    }
}, {
    "id": "legeplads.42",
    "name": "Legepladsen i BaNanna Park",
    "description": "Park med sol, leg og et hav af aktivitetsmuligheder",
    "addressDescription": "Nannasgade 6",
    "position": {
        "lat": 55.69984766828994,
        "lng": 12.549543621597836
    }
}, {
    "id": "legeplads.43",
    "name": "Legepladsen i Folkets Park",
    "description": "Lille, anderledes legeplads med klatrestativ.",
    "addressDescription": "Stengade 50",
    "position": {
        "lat": 55.687580757898175,
        "lng": 12.554659629953811
    }
}, {
    "id": "legeplads.44",
    "name": "Legepladsen i Ravnsborggade/Sankt Hans Gade",
    "description": "Skaterlegeplads med indbygget bio.",
    "addressDescription": "Hjørnet af Ravnsborggade 23/Sankt Hans Gade 13",
    "position": {
        "lat": 55.68971679774011,
        "lng": 12.563016021109611
    }
}, {
    "id": "legeplads.45",
    "name": "Legepladsen i Mimersparken",
    "description": null,
    "addressDescription": "Borgmestervangen 51",
    "position": {
        "lat": 55.70460084663622,
        "lng": 12.541065787549083
    }
}, {
    "id": "legeplads.46",
    "name": "Legepladsen i Allersgade",
    "description": "Nok det sted i byen med mest leg pr. m².",
    "addressDescription": "mellem Allersgade og Thorsgade",
    "position": {
        "lat": 55.696785191089496,
        "lng": 12.547124583006836
    }
}, {
    "id": "legeplads.47",
    "name": "Legepladsen i Baldersgade",
    "description": "Kunstlegeplads dekoreret med harlekinmønster.",
    "addressDescription": "ved Balders Plads",
    "position": {
        "lat": 55.701098624908674,
        "lng": 12.547996590355758
    }
}, {
    "id": "legeplads.48",
    "name": "Legepladsen på Lersø Parkallé",
    "description": "Én lang forhindringsbane for mindre børn.",
    "addressDescription": "Ved Gyritegade, udfor Lersø Parkallé 23-57",
    "position": {
        "lat": 55.70554090581224,
        "lng": 12.55685386704315
    }
}, {
    "id": "legeplads.49",
    "name": "Legepladsen i Sankt Hans Gade",
    "description": "Blødt bakkelandskab midt på Nørrebro.",
    "addressDescription": "Sankt Hans Gade 3-5",
    "position": {
        "lat": 55.689249439074885,
        "lng": 12.564175051545782
    }
}, {
    "id": "legeplads.50",
    "name": "Legepladsen på Sønder Boulevard",
    "description": "Bountyland for byens små pirater.",
    "addressDescription": "Sønder Boulevard ud for nr. 103",
    "position": {
        "lat": 55.66436759967484,
        "lng": 12.545749615901046
    }
}, {
    "id": "legeplads.51",
    "name": "Legepladsen i Skydebanehaven",
    "description": "Kæmpestor legeplads i Vesterbros grønneste oase.",
    "addressDescription": "Absalonsgade 12",
    "position": {
        "lat": 55.670073686512644,
        "lng": 12.553802596047547
    }
}, {
    "id": "legeplads.52",
    "name": "Legepladsen i Rektorparken",
    "description": "Hyggeligt legested i lille park.",
    "addressDescription": "ved Vestre Kirkegårds Allé",
    "position": {
        "lat": 55.66239023420071,
        "lng": 12.53248555645397
    }
}, {
    "id": "legeplads.53",
    "name": "Legepladsen på Sjælør Boulevard",
    "description": "Boldbur, grønt og nyt på vej.",
    "addressDescription": "Sjælør Boulevard ved Mozartsvej",
    "position": {
        "lat": 55.64804145134337,
        "lng": 12.528628719554291
    }
}, {
    "id": "legeplads.54",
    "name": "Legepladsen i Saxoparken",
    "description": "Legeøer i lille bypark med naturværksted.",
    "addressDescription": "Mathæusgade ",
    "position": {
        "lat": 55.67139484253948,
        "lng": 12.55129604512075
    }
}, {
    "id": "legeplads.55",
    "name": "Legepladsen i Broagergade",
    "description": "Lille vejstykke forvandlet til legeplads.",
    "addressDescription": "Broager Legegade",
    "position": {
        "lat": 55.668528355717505,
        "lng": 12.545984134701195
    }
}, {
    "id": "legeplads.56",
    "name": "Legepladsen i Enghaveparken",
    "description": "Godt gemt oase for far, mor og børn.",
    "addressDescription": "Ejderstedsgade 1",
    "position": {
        "lat": 55.66771459317547,
        "lng": 12.541625979138136
    }
}, {
    "id": "legeplads.57",
    "name": "Legepladsen på Enghave Plads",
    "description": "Skating, boldspil i hjertet af Vesterbros.",
    "addressDescription": "Enghavevej mellem 42 og 56",
    "position": {
        "lat": 55.66734011534883,
        "lng": 12.54488920638666
    }
}, {
    "id": "legeplads.58",
    "name": "Børnenes Årtusindskiftehave i Valbyparken (Kærestehaven)",
    "description": "Fantasiland skabt af børn for børn.",
    "addressDescription": "Temahaven Børnenes Årtusindskiftehave ",
    "position": {
        "lat": 55.6402957763925,
        "lng": 12.520749796348412
    }
}, {
    "id": "legeplads.59",
    "name": "Legepladsen på Carl Langes Vej",
    "description": "Farlig trold og junglesti.",
    "addressDescription": "mellem Eschrichtsvej og Panumsvej",
    "position": {
        "lat": 55.663769756531806,
        "lng": 12.498723468560211
    }
}, {
    "id": "legeplads.60",
    "name": "Legepladsen i Trekronergade",
    "description": "Dækningsgrave forvandlet til legebakker.",
    "addressDescription": "Vigerslev Allé/Trekronergade",
    "position": {
        "lat": 55.66138416259685,
        "lng": 12.519144622902296
    }
}, {
    "id": "legeplads.61",
    "name": "Legepladsen på Steins Plads",
    "description": "Flot plads med asfaltbakker til trickcykling mv.",
    "addressDescription": "mellem Eschrichtsvej og Steinsvej",
    "position": {
        "lat": 55.66208623457849,
        "lng": 12.503864778048218
    }
}, {
    "id": "legeplads.62",
    "name": "Legepladsen på Lykkebovej",
    "description": "Fitness-legeplads for unge.",
    "addressDescription": "Overfor Højbovej",
    "position": {
        "lat": 55.65870807422669,
        "lng": 12.487637109794823
    }
}, {
    "id": "legeplads.63",
    "name": "Legepladsen på Vilhelm Thomsens Allé",
    "description": "Lokal legeplads i grønne omgivelser.",
    "addressDescription": "Vilhelm Thomsens Allé 42",
    "position": {
        "lat": 55.6594880278113,
        "lng": 12.50537707717305
    }
}, {
    "id": "legeplads.64",
    "name": "Legepladsen i Valbyparken ved Cafe Rosenhaven",
    "description": "Sjove figurer og lille cafe.",
    "addressDescription": "ved Cafe Rosenhaven",
    "position": {
        "lat": 55.64241235411572,
        "lng": 12.519953797846192
    }
}, {
    "id": "legeplads.65",
    "name": "Legepladsen i Vigerslevparken ved Stakhaven",
    "description": "Sjov naturlegeplads med smuk placering.",
    "addressDescription": "ved Stakhaven",
    "position": {
        "lat": 55.645668516569046,
        "lng": 12.49548052098334
    }
}, {
    "id": "legeplads.66",
    "name": "Legepladsen ved Kirsebærhaven ",
    "description": "Kæmpesnegl, Eiffeltårnsnet og skaterplads.",
    "addressDescription": "Kirsebærhaven 14",
    "position": {
        "lat": 55.64964429523615,
        "lng": 12.50253304788611
    }
}, {
    "id": "legeplads.67",
    "name": "Legepladsen i Vigerslevparken ved Engdraget 63",
    "description": "Overraskende legeting midt i frodig park.",
    "addressDescription": "ved Engdraget over for Mellemleddet",
    "position": {
        "lat": 55.66669320537018,
        "lng": 12.479319153231243
    }
}, {
    "id": "legeplads.68",
    "name": "Legepladsen i Vigerslevparken ved Lykkebovej/Engdals Alle",
    "description": "Piratlegeplads for de mindste.",
    "addressDescription": "ved Lykkebovej",
    "position": {
        "lat": 55.65776748607234,
        "lng": 12.4783827814227
    }
}, {
    "id": "legeplads.69",
    "name": "Legepladsen på Vigerslev Alle",
    "description": "Tarzanbane og skjulte labyrinter.",
    "addressDescription": "adgang fra Kærskiftevej 151-159",
    "position": {
        "lat": 55.65695983943322,
        "lng": 12.486964035802755
    }
}, {
    "id": "legeplads.70",
    "name": "Naturlegepladsen i Valbyparken",
    "description": "Byens største og mest besøgte legeplads.",
    "addressDescription": "Hammelstrupvej 42",
    "position": {
        "lat": 55.64452321754839,
        "lng": 12.519701817214463
    }
}, {
    "id": "legeplads.71",
    "name": "Legepladsen på Nørager Plads",
    "description": "Meget populær og med mange aktivitetstilbud.",
    "addressDescription": "Nørager Plads 23",
    "position": {
        "lat": 55.69614070740983,
        "lng": 12.474827766099438
    }
}, {
    "id": "legeplads.72",
    "name": "Legepladsen på Jyllingevej",
    "description": "Skateranlæg for begyndere og let øvede.",
    "addressDescription": "overfor Jermbane Allé",
    "position": {
        "lat": 55.692631086122546,
        "lng": 12.486719059985989
    }
}, {
    "id": "legeplads.73",
    "name": "Legepladsen på Skibelundvej",
    "description": "Snurrestænger, hænge-karussel og sjov rutsjebane.",
    "addressDescription": "Skivelundvej 12",
    "position": {
        "lat": 55.69218624991743,
        "lng": 12.495813507339792
    }
}, {
    "id": "legeplads.74",
    "name": "Naturlegepladsen i Rødkildeparken",
    "description": "Rutsjebane, svævebane og spændende skib.",
    "addressDescription": "ved Hvidkildevej",
    "position": {
        "lat": 55.6996843801924,
        "lng": 12.510704293042325
    }
}, {
    "id": "legeplads.75",
    "name": "Legepladsen på Damhusengen - Elvergårdsvej",
    "description": "Sjov og anderledes naturlegeplads i flotte omgivelser.",
    "addressDescription": "ved Elvergårdsvej",
    "position": {
        "lat": 55.68117902829066,
        "lng": 12.470002297588154
    }
}, {
    "id": "legeplads.76",
    "name": "Legepladsen på Damhusengen ved Vanløse Byvej",
    "description": "Ligger ved den grønne cykelrute og kan leges på i timevis.",
    "addressDescription": "ved Vanløse Byvej",
    "position": {
        "lat": 55.68718754823909,
        "lng": 12.470935092687128
    }
}, {
    "id": "legeplads.77",
    "name": "Legepladsen på Genforeningspladsen nord",
    "description": "Hyggelig legeplads ved idrætsanlæg og boldbaner.",
    "addressDescription": "ved Hulgårdsvej 86-90",
    "position": {
        "lat": 55.6997661316007,
        "lng": 12.517788971867487
    }
}, {
    "id": "legeplads.78",
    "name": "Legepladsen på Genforeningspladsen syd",
    "description": "Hyggelig legekrog ved idrætsanlæg og udendørs skøjtebane.",
    "addressDescription": "ved Mågevej",
    "position": {
        "lat": 55.698816009057985,
        "lng": 12.52154415645957
    }
}, {
    "id": "legeplads.79",
    "name": "Legepladsen i Grøndalsparken",
    "description": "Dejlig park, keltisk soltempel og sjove trampoliner.",
    "addressDescription": "overfor Arnestedet",
    "position": {
        "lat": 55.68110056372213,
        "lng": 12.491533957007828
    }
}, {
    "id": "legeplads.80",
    "name": "Legepladsen på Ålekistevej",
    "description": null,
    "addressDescription": "v.Vanløse Skole",
    "position": {
        "lat": 55.68679654678301,
        "lng": 12.482066881327036
    }
}, {
    "id": "legeplads.81",
    "name": "Legepladsen på Grøndal Torv",
    "description": "Lækkert boldbur, hyggelig leg og flot have.",
    "addressDescription": "overfor Godthåbsvej 199-203",
    "position": {
        "lat": 55.693321849348216,
        "lng": 12.512991438697169
    }
}, {
    "id": "legeplads.82",
    "name": "Legepladsen på Fuglsang Alle",
    "description": "Skøn, indhegnet legeplads med Tarzan-sti for små og store.",
    "addressDescription": "overfor Beldringevej",
    "position": {
        "lat": 55.69765411793417,
        "lng": 12.497300974015976
    }
}, {
    "id": "legeplads.83",
    "name": "Legepladsen på Grøndalsvænge Alle",
    "description": "Sand + stammer + sten = timevis af leg.",
    "addressDescription": "ved Morbærvej",
    "position": {
        "lat": 55.69263507364895,
        "lng": 12.51904978737781
    }
}, {
    "id": "legeplads.84",
    "name": "Legepladsen i Krogebjergparken",
    "description": "Kæmpegynger og himmelhøjt klatrenet.",
    "addressDescription": "ved Roshagevej",
    "position": {
        "lat": 55.69629620779727,
        "lng": 12.464824562812396
    }
}, {
    "id": "legeplads.85",
    "name": "Legepladsen på Vestvolden ved Bystævnet",
    "description": "Her kommer ny legeplads til små røvere og soldater",
    "addressDescription": "ved Bystævnet",
    "position": {
        "lat": 55.71765570188449,
        "lng": 12.475971385685183
    }
}, {
    "id": "legeplads.86",
    "name": "Legepladsen på Liselundvej",
    "description": "Hyggeligt aktivitets- og mødested for unge.",
    "addressDescription": "overfor Brønshøjgårdsvej 25",
    "position": {
        "lat": 55.70356412637278,
        "lng": 12.494263954259736
    }
}, {
    "id": "legeplads.87",
    "name": "Legepladsen på Vestvolden ved Mørkhøjvej",
    "description": "Forhindringsbanen og fitnessredskaberne.",
    "addressDescription": "ved Mørkhøjvej",
    "position": {
        "lat": 55.71718369217064,
        "lng": 12.470545798918886
    }
}, {
    "id": "legeplads.88",
    "name": "Legepladsen i Husumparken",
    "description": "Afsæt gerne halve eller hele dage til besøget.",
    "addressDescription": "Nordrupvej 16",
    "position": {
        "lat": 55.7040621621094,
        "lng": 12.470832191278287
    }
}, {
    "id": "legeplads.89",
    "name": "Legepladsen i Utterslev Mose ved Pilesvinget 5",
    "description": "Perfekt til småbørn i pirat-alderen.",
    "addressDescription": "Pilesvinget mellem Hvedevej og Brønshøj Kirkevej",
    "position": {
        "lat": 55.71208196677864,
        "lng": 12.498376648696631
    }
}, {
    "id": "legeplads.91",
    "name": "Legepladsen på Brønshøj Torv",
    "description": "Klatreland, hvor alt hænger sammen i én stor Tarzan-bane.",
    "addressDescription": "ved Krabbesholmvej",
    "position": {
        "lat": 55.703374348865786,
        "lng": 12.498815466399273
    }
}, {
    "id": "legeplads.92",
    "name": "Legepladsen i Gyngemosen ved Langhusvej",
    "description": "Godt gemt, og skattejagten værd.",
    "addressDescription": "ved Langhusvej",
    "position": {
        "lat": 55.722700727892104,
        "lng": 12.481001265456577
    }
}, {
    "id": "legeplads.93",
    "name": "Legepladsen i Brønshøjparken",
    "description": "Sjove asfaltlege, fitness og hyggelig park til picnic.",
    "addressDescription": "ved Hyrdevangen",
    "position": {
        "lat": 55.70648263822737,
        "lng": 12.50764014022972
    }
}, {
    "id": "legeplads.94",
    "name": "Legepladsen i Utterslev Mose ud for Pilesvinget 75",
    "description": "Edderkoppen, mega-sneglehuset og en masse grågæs.",
    "addressDescription": "Pilesvinget udfor Hirsevej",
    "position": {
        "lat": 55.70932477406744,
        "lng": 12.487692272849504
    }
}, {
    "id": "legeplads.95",
    "name": "Legepladsen i Husum Bypark",
    "description": null,
    "addressDescription": "Frederikssundsvej 281-299",
    "position": {
        "lat": 55.70960252490761,
        "lng": 12.479416152906223
    }
}, {
    "id": "legeplads.96",
    "name": "Legepladsen på Gislingevej ved Grevingevej",
    "description": "Stille kvarter og sjove snurrestænger.",
    "addressDescription": "hjørnet af Gislingevej og Grevingevej",
    "position": {
        "lat": 55.7079769155617,
        "lng": 12.469423629532178
    }
}, {
    "id": "legeplads.97",
    "name": "Legepladsen i Utterslev Mose ved Engsvinget/Hyrdevangen",
    "description": "Kunstlegeplads med byens største legehoved.",
    "addressDescription": "Engsvinget overfor Hyrdevangen",
    "position": {
        "lat": 55.71344983164293,
        "lng": 12.516070914824821
    }
}, {
    "id": "legeplads.98",
    "name": "Legepladsen i Lersøparken",
    "description": "God til picnic, petanque og træstubbe-tagfat",
    "addressDescription": "Midt i parken",
    "position": {
        "lat": 55.7095397175785,
        "lng": 12.543114895894476
    }
}, {
    "id": "legeplads.99",
    "name": "Legepladsen i Degnestavnen",
    "description": "Leg i lange baner - og nabo til skøn kælkebakke.",
    "addressDescription": "Degnestavnen 20",
    "position": {
        "lat": 55.71041332930393,
        "lng": 12.524891153102583
    }
}, {
    "id": "legeplads.100",
    "name": "Legepladsen på Hulgårds Plads",
    "description": "En drøm af en legeplads - usynlig fra vejen.",
    "addressDescription": "Hulgårds Plads 6",
    "position": {
        "lat": 55.70483834694567,
        "lng": 12.521975800743288
    }
}, {
    "id": "legeplads.101",
    "name": "Legepladsen i Utterslev Mose - Ved Vigen",
    "description": "Perfekt spot til leg og madpakke på turen langs mosen.",
    "addressDescription": "Ved Vigen",
    "position": {
        "lat": 55.72098055865299,
        "lng": 12.528431156384602
    }
}, {
    "id": "legeplads.102",
    "name": "Legepladsen på Rørsangervej",
    "description": "Gummilegeplads med springvandsmaskine.",
    "addressDescription": "Rørsangervej 82",
    "position": {
        "lat": 55.70178333995514,
        "lng": 12.525099316160091
    }
}, {
    "id": "legeplads.103",
    "name": "Legepladsen på Mejsevænget",
    "description": "Lokal legeplads med sjov cykelbane.",
    "addressDescription": "Mejsevænget Legegade",
    "position": {
        "lat": 55.69762005029972,
        "lng": 12.530277858349907
    }
}, {
    "id": "legeplads.104",
    "name": "legepladsen på Møntmestervej",
    "description": null,
    "addressDescription": "Møntmestervej ml. 14 og 16",
    "position": {
        "lat": 55.706996990773995,
        "lng": 12.520893447802546
    }
}, {
    "id": "legeplads.105",
    "name": "Legepladsen på Bispebjerg Parkallé",
    "description": "Leg løs og hils på elefanten.",
    "addressDescription": "ved Frederiksborgvej",
    "position": {
        "lat": 55.71996618579737,
        "lng": 12.532391045068163
    }
}, {
    "id": "legeplads.106",
    "name": "Legepladsen på Alexandravej/Frederikssundsvej",
    "description": "Lokal legeplads med sjov cykelbane.",
    "addressDescription": "Frederikssundsvej 14C",
    "position": {
        "lat": 55.701798629439566,
        "lng": 12.53641274032105
    }
}, {
    "id": "legeplads.107",
    "name": "Legepladsen i Rødegårdsparken",
    "description": "Byens eneste udendørs bordfodboldborde.",
    "addressDescription": "ved Øresundsvej 39",
    "position": {
        "lat": 55.6614956222129,
        "lng": 12.611247626004946
    }
}, {
    "id": "legeplads.108",
    "name": "Legepladsen på Højdevej",
    "description": "Lokal legeplads til leg og hygge",
    "addressDescription": "Højdevej/Kirkegårdsvej",
    "position": {
        "lat": 55.65522603482767,
        "lng": 12.613922743316635
    }
}, {
    "id": "legeplads.109",
    "name": "Legepladsen i Lergravsparken",
    "description": "Byens største kravlenet + soppebassin.",
    "addressDescription": "Lergravsvej 16",
    "position": {
        "lat": 55.6623517669756,
        "lng": 12.618278499991275
    }
}, {
    "id": "legeplads.110",
    "name": "Legepladsen i Amager Strandpark",
    "description": "Byens eneste legeplads direkte på stranden.",
    "addressDescription": "Amager Strandvej ved Kilometerbroen",
    "position": {
        "lat": 55.65782767438177,
        "lng": 12.63706172488823
    }
}, {
    "id": "legeplads.111",
    "name": "Legepladsen på Sundbyøster Plads",
    "description": "Legeplads, hvor handicappede børn kan lege med.",
    "addressDescription": "Smyrnavej 2",
    "position": {
        "lat": 55.651283659909744,
        "lng": 12.612602996816893
    }
}, {
    "id": "legeplads.112",
    "name": "Legepladsen i Moselgade ved Lergravsvej",
    "description": "Haveanlæg med afmærket bane til små cyklister.",
    "addressDescription": "Moselgade/Lergravsvej",
    "position": {
        "lat": 55.66196398285227,
        "lng": 12.613350131480011
    }
}, {
    "id": "legeplads.113",
    "name": "Legepladsen på Kastrup Fort",
    "description": "Legeplads, der udnytter de skrånende volde til rutsjeog\r\nsvævebaner.",
    "addressDescription": "ved den sydlige bastion",
    "position": {
        "lat": 55.64723685556561,
        "lng": 12.640703738835157
    }
}, {
    "id": "legeplads.114",
    "name": "Byggelegepladsen på Bredegrund",
    "description": "Den ene af byens to byggelegepladser.",
    "addressDescription": "Bredegrund 8",
    "position": {
        "lat": 55.65887191915407,
        "lng": 12.613807363580765
    }
}, {
    "id": "legeplads.115",
    "name": "Legepladsen Elba i Filipsparken",
    "description": "Soppebassin, miniveje, sjove cykler og byens største airhockey.",
    "addressDescription": "Parmagade 45",
    "position": {
        "lat": 55.654151817755526,
        "lng": 12.618225536862083
    }
}, {
    "id": "legeplads.116",
    "name": "Aktivitetspladserne på Prags Boulevard",
    "description": "Anderledes bud på leg og bevægelse i en moderne bypark.",
    "addressDescription": "Prags Boulevard - aktivitetspladserne langs parken",
    "position": {
        "lat": 55.66640131044762,
        "lng": 12.607955417697577
    }
}, {
    "id": "legeplads.117",
    "name": "Aktivitetspladserne på Prags Boulevard",
    "description": "Anderledes bud på leg og bevægelse i en moderne bypark.",
    "addressDescription": "Prags Boulevard - aktivitetspladserne langs parken",
    "position": {
        "lat": 55.66696564972486,
        "lng": 12.610558698036915
    }
}, {
    "id": "legeplads.118",
    "name": "Legepladserne i Ørestad Bypark",
    "description": "Moderne bypark med plads til leg og bevægelse.",
    "addressDescription": "Mellem C. F. Møllers Alle, Center Boulevard og Ørestads Boulevards\r\nMellem C. F. Møllers Alle, Center Boulevard og Ørestads Boulevards\r\n",
    "position": {
        "lat": 55.63380051913961,
        "lng": 12.576864680844688
    }
}, {
    "id": "legeplads.119",
    "name": "Bondegårdslegepladsen i Remiseparken",
    "description": "Byens eneste og meget elskede dyrelegeplads.",
    "addressDescription": "Peder Lykkes vej 71-73",
    "position": {
        "lat": 55.65299220110696,
        "lng": 12.59813308049459
    }
}, {
    "id": "legeplads.120",
    "name": "Legepladsen på Georginevej",
    "description": "Hemmelig legehave tæt ved travle Amagerbrogade.",
    "addressDescription": "Georginevej/Gyldenlakvej",
    "position": {
        "lat": 55.64461284055033,
        "lng": 12.613486228207583
    }
}, {
    "id": "legeplads.121",
    "name": "Byggelegepladsen i Remiseparken",
    "description": "Fantasifuld byggelegeplads",
    "addressDescription": "Peder Lykkes vej 71-73 ved Peder Skrivers Sti\r\n",
    "position": {
        "lat": 55.652465284844894,
        "lng": 12.596741664767874
    }
}, {
    "id": "legeplads.122",
    "name": "Legepladsen i Gunløgsgade",
    "description": "Moderne legeplads med elektronisk bænk.",
    "addressDescription": "Gunløgsgade 26",
    "position": {
        "lat": 55.66465750973628,
        "lng": 12.579803285785873
    }
}, {
    "id": "legeplads.123",
    "name": "Legepladsen i Sætersdalparken",
    "description": "Junglesti og sjovt cykel- og rulleskøjteterræn.",
    "addressDescription": "overfor Sætersdalgade 1-15",
    "position": {
        "lat": 55.656237678047766,
        "lng": 12.602196844557234
    }
}, {
    "id": "legeplads.124",
    "name": "Legepladsen på Skotlands Plads",
    "description": "Stor, åben legeplads med boldbaner.",
    "addressDescription": "mellem Sundholmsvej 95-107",
    "position": {
        "lat": 55.65813803377569,
        "lng": 12.604840226257457
    }
}, {
    "id": "legeplads.125",
    "name": "Legepladsen midt i Remiseparken ved højen",
    "description": "Byens hemmeligste og længste tunnelrutsjebane.",
    "addressDescription": "ved højen Remiseparken sydvest",
    "position": {
        "lat": 55.651146947238246,
        "lng": 12.594328283908066
    }
}, {
    "id": "legeplads.126",
    "name": "Legepladsen i Havneparken syd",
    "description": "Indhegnet til småbørn nær havnebad og beachvolley.",
    "addressDescription": "Islands Brygge,  overfor Halfdansgade",
    "position": {
        "lat": 55.66542977076966,
        "lng": 12.574285929038934
    }
}, {
    "id": "legeplads.127",
    "name": "Legepladsen i Norgesgade",
    "description": "Flot plads, regnbuegynge og stort boldbur.",
    "addressDescription": "mellem Norgesgade 26-56",
    "position": {
        "lat": 55.663441737418346,
        "lng": 12.59640667247954
    }
}, {
    "id": "legeplads.128",
    "name": "Legepladsen i Havneparken nord",
    "description": "Skaterpark med svalende havnebad lige ved siden af",
    "addressDescription": "Islands Brygge overfor Vestmannargade",
    "position": {
        "lat": 55.66874629213874,
        "lng": 12.57875215690722
    }
}, {
    "id": "legeplads.129",
    "name": "Legepladsen på Tømmergrundens/Artillerivej",
    "description": "Ny naturlegeplads i 2011.",
    "addressDescription": "Artellerivej, næsten ud for Axel Heides Gade",
    "position": {
        "lat": 55.66000377929776,
        "lng": 12.573927146870522
    }
}, {
    "id": "legeplads.130",
    "name": "Legepladsen på Rødelandsvej",
    "description": "Hyggelig naturlegeplads.",
    "addressDescription": "Vejlands Alle/Rødelandsvej",
    "position": {
        "lat": 55.64186381737521,
        "lng": 12.593726235581661
    }
}, {
    "id": "legeplads.131",
    "name": "Legepladsen i Sundbyvester Park",
    "description": "Fine, grønne omgivelser og nabo til Sundby Idrætspark",
    "addressDescription": "ved Irlandsvej",
    "position": {
        "lat": 55.65073143081918,
        "lng": 12.601492038760414
    }
}, {
    "id": "legeplads.132",
    "name": "Himmelhøj Naturlegeplads",
    "description": "Ligger flot og inspirerer alle til leg i naturen.",
    "addressDescription": "Otto Baches Alle/Granatvej\r\n",
    "position": {
        "lat": 55.6156720484257,
        "lng": 12.5737436238986
    }
}, {
    "id": "legeplads.133",
    "name": "Legepladsen på Sundbyvester Plads",
    "description": "I 2012 ombygges legepladsen og bliver en plads for store børn.",
    "addressDescription": "Sundbyvestervej/Gyldenlakvej",
    "position": {
        "lat": 55.64641015542255,
        "lng": 12.612274597740367
    }
}, {
    "id": "legeplads.134",
    "name": "Legepladsen i Kornblomstparken",
    "description": null,
    "addressDescription": "Øselsgade 5",
    "position": {
        "lat": 55.66129136506624,
        "lng": 12.60113783298315
    }
}]